"filename", "language", "Python", "comment", "blank", "total"
"q:\_gd\houdini_packages\wf_workflow\python3.9libs\____variables.py", "Python", 5, 8, 10, 23
"q:\_gd\houdini_packages\wf_workflow\python3.9libs\wf_chaneditor.py", "Python", 37, 8, 13, 58
"q:\_gd\houdini_packages\wf_workflow\python3.9libs\wf_hda.py", "Python", 8, 7, 9, 24
"q:\_gd\houdini_packages\wf_workflow\python3.9libs\wf_hotkeys.py", "Python", 91, 29, 71, 191
"q:\_gd\houdini_packages\wf_workflow\python3.9libs\wf_hotkeys_del.py", "Python", 7, 0, 6, 13
"q:\_gd\houdini_packages\wf_workflow\python3.9libs\wf_hotkeys_enter.py", "Python", 68, 30, 34, 132
"q:\_gd\houdini_packages\wf_workflow\python3.9libs\wf_job.py", "Python", 171, 71, 120, 362
"q:\_gd\houdini_packages\wf_workflow\python3.9libs\wf_job_archetype_cam.py", "Python", 0, 0, 1, 1
"q:\_gd\houdini_packages\wf_workflow\python3.9libs\wf_job_archetype_data.py", "Python", 10, 8, 6, 24
"q:\_gd\houdini_packages\wf_workflow\python3.9libs\wf_job_archetype_lopnet.py", "Python", 6, 0, 2, 8
"q:\_gd\houdini_packages\wf_workflow\python3.9libs\wf_job_archetype_network.py", "Python", 3, 0, 5, 8
"q:\_gd\houdini_packages\wf_workflow\python3.9libs\wf_music.py", "Python", 322, 103, 162, 587
"q:\_gd\houdini_packages\wf_workflow\python3.9libs\wf_network_connection.py", "Python", 86, 7, 25, 118
"q:\_gd\houdini_packages\wf_workflow\python3.9libs\wf_network_kwargs.py", "Python", 90, 0, 27, 117
"q:\_gd\houdini_packages\wf_workflow\python3.9libs\wf_network_layout.py", "Python", 102, 44, 48, 194
"q:\_gd\houdini_packages\wf_workflow\python3.9libs\wf_network_parm.py", "Python", 127, 25, 51, 203
"q:\_gd\houdini_packages\wf_workflow\python3.9libs\wf_network_ui.py", "Python", 483, 52, 168, 703
"q:\_gd\houdini_packages\wf_workflow\python3.9libs\wf_network_ui_parse_tab.py", "Python", 173, 49, 73, 295
"q:\_gd\houdini_packages\wf_workflow\python3.9libs\wf_network_ui_ramp_lib.py", "Python", 108, 5, 36, 149
"q:\_gd\houdini_packages\wf_workflow\python3.9libs\wf_network_utils.py", "Python", 214, 41, 90, 345
"q:\_gd\houdini_packages\wf_workflow\python3.9libs\wf_node.py", "Python", 16, 2, 12, 30
"q:\_gd\houdini_packages\wf_workflow\python3.9libs\wf_os.py", "Python", 6, 3, 3, 12
"q:\_gd\houdini_packages\wf_workflow\python3.9libs\wf_render.py", "Python", 67, 24, 35, 126
"q:\_gd\houdini_packages\wf_workflow\python3.9libs\wf_rigging.py", "Python", 57, 8, 29, 94
"q:\_gd\houdini_packages\wf_workflow\python3.9libs\wf_sceneview.py", "Python", 207, 20, 75, 302
"q:\_gd\houdini_packages\wf_workflow\python3.9libs\wf_selection.py", "Python", 35, 30, 23, 88
"q:\_gd\houdini_packages\wf_workflow\python3.9libs\wf_timeline.py", "Python", 171, 56, 83, 310
"q:\_gd\houdini_packages\wf_workflow\python3.9libs\wf_ui_panetab.py", "Python", 68, 61, 58, 187
"q:\_gd\houdini_packages\wf_workflow\python3.9libs\wf_utils.py", "Python", 172, 16, 61, 249
"Total", "-", 2910, 707, 1336, 4953